{"packages":{"core":{"alternateName":["sencha-core"],"creator":"Sencha","type":"code","version":"6.0.0.640"},"ext":{"build":{"dir":"${package.output.base}"},"creator":"Sencha","example":{"path":["examples","templates"],"apps":["admin-dashboard","executive-dashboard","kitchensink","classic/charts-kitchensink","classic/desktop","classic/ticket-app","classic/portal","classic/simple-tasks","classic/responsive-app","classic/aria","modern/addressbook","modern/energy","modern/stockapp","modern/states","modern/geocongress","modern/oreilly"]},"subpkgs":["classic/classic","modern/modern","packages/charts","packages/amf","packages/soap","packages/ux"],"type":"framework","version":"6.0.0.640"},"font-awesome":{"creator":"Sencha","theme":"theme-neptune","toolkit":"classic","type":"code","version":"6.0.0.640"},"modern":{"build":{"dir":"${package.output}"},"creator":"Sencha","subpkgs":"theme-cupertino,theme-mountainview,theme-neptune,theme-windows","type":"toolkit","version":"6.0.0.640"},"theme-base":{"creator":"Sencha","toolkit":"modern","type":"theme","version":"6.0.0.640"},"theme-neptune":{"creator":"anonymous","extend":"theme-base","toolkit":"modern","type":"theme","version":"6.0.0.640"}},"js":[{"path":"modern/resources/lib/moment.min.js"},{"path":"modern/resources/lib/suncalc.js"},{"path":"modern/app.js"}],"css":[{"path":"modern/resources/Hoofers-all.css","exclude":["fashion"]}],"cache":{"enable":true,"deltas":true},"name":"Hoofers","version":"1.0.0.0","framework":"ext","loader":{"cache":"20150809165122","cacheParam":"_dc"},"id":"1c46950a-569d-44f5-98aa-b8039a5dde34","toolkit":"modern","theme":"theme-neptune","hash":"c1d89f4f875fb52d1b82e1fa37aa75363eed98b1","profile":"modern"}